# German for Hushfacebook: the English key, a tab, the translation. One row per string.
# After editing, run python scripts/gen-l10n.py from the repository root.
"Pages you may like" and Facebook's own upsell cards. The in-feed surveys go too.	„Seiten, die dir gefallen könnten“ und Facebooks Werbekarten in eigener Sache. Die Umfragen im Feed verschwinden auch.
%1$d item in that file isn't a setting this version of Hushfacebook knows, so it'll be left out.	%1$d Eintrag in dieser Datei ist keine Einstellung, die diese Version von Hushfacebook kennt, und wird deshalb ausgelassen.
%1$d items in that file aren't settings this version of Hushfacebook knows, so they'll be left out.	%1$d Einträge in dieser Datei sind keine Einstellungen, die diese Version von Hushfacebook kennt, und werden deshalb ausgelassen.
%1$d switch will change.	%1$d Schalter wird geändert.
%1$d switches will change.	%1$d Schalter werden geändert.
%1$s of %2$s	%1$s von %2$s
%1$s so far	Bisher %1$s
%1$s. It was set when you patched, so Pause can't turn it off. To rule it out, patch again without the patch it comes from.	%1$s. Das wurde beim Patchen festgelegt, deshalb kann die Pause es nicht ausschalten. Um es auszuschließen, patche erneut ohne den zugehörigen Patch.
%1$s. They were set when you patched, so Pause can't turn them off. To rule one out, patch again without the patch it comes from.	%1$s. Diese wurden beim Patchen festgelegt, deshalb kann die Pause sie nicht ausschalten. Um eines davon auszuschließen, patche erneut ohne den zugehörigen Patch.
A diagnostic report is already being saved.	Ein Diagnosebericht wird bereits gespeichert.
A Download button in the sidebar of every reel saves it at the best quality the player streams. Off or paused, reels show only Facebook's own buttons.	Ein Download-Button in der Seitenleiste jedes Reels speichert es in der besten Qualität, die der Player streamt. Ist der Schalter aus oder Hushfacebook pausiert, zeigen Reels nur Facebooks eigene Buttons.
A file named %1$s in %2$s paused Hushfacebook.	Eine Datei namens %1$s in %2$s hat Hushfacebook pausiert.
About	Info
Ad cards between the stories people posted.	Werbekarten zwischen den Stories, die Leute gepostet haben.
Ad telemetry blocked	Werbe-Telemetrie blockiert
Adds Download to phone to feed and Watch video menus. Saves the highest quality Facebook streams. Off or paused, Facebook's menu returns.	Fügt den Video-Menüs im Feed und in Watch „Auf Telefon herunterladen“ hinzu. Speichert die höchste von Facebook gestreamte Qualität. Ausgeschaltet oder pausiert erscheint wieder Facebooks Menü.
Adds Save to the menu of anyone's story, and saves at the best quality the player streams. Off or paused, only your own stories have Save, and it's Facebook's own.	Fügt „Speichern“ zum Menü jeder Story hinzu, egal von wem, und speichert sie in der besten Qualität, die der Player streamt. Ist der Schalter aus oder Hushfacebook pausiert, gibt es „Speichern“ nur bei deinen eigenen Stories, und dort läuft Facebooks eigene Speicherfunktion.
Ads inside Reels. Banners, mid-rolls and app-inserted ads stay blocked even while paused.	Anzeigen in Reels. Banner, Werbeunterbrechungen und von der App eingefügte Anzeigen bleiben auch während einer Pause blockiert.
AMOLED black theme	Schwarzes AMOLED-Design
Audience Network off	Audience Network aus
Back	Zurück
Background ad prefetch blocked	Vorabladen von Werbung im Hintergrund blockiert
Cancel	Abbrechen
Changing these	So änderst du sie
Choose a settings file and preview what would change before importing.	Wähle eine Einstellungsdatei und sieh dir vor dem Import an, was sich ändern würde.
Clear diagnostic data	Diagnosedaten löschen
Copy a quick report or save the full one to Download/Morphe. Names, IDs, links and cookies are omitted.	Kopiere einen Kurzbericht oder speichere den vollständigen Bericht unter Download/Morphe. Namen, IDs, Links und Cookies werden ausgelassen.
Copy quick report	Kurzbericht kopieren
Couldn't import every setting. Check the switches on this screen.	Nicht alle Einstellungen ließen sich importieren. Prüfe die Schalter auf diesem Bildschirm.
Couldn't import the settings. Nothing was changed.	Die Einstellungen ließen sich nicht importieren. Es wurde nichts geändert.
Couldn't open that file. Nothing was changed.	Diese Datei ließ sich nicht öffnen. Es wurde nichts geändert.
Couldn't open the file picker. Try again.	Die Dateiauswahl ließ sich nicht öffnen. Versuche es noch einmal.
Couldn't put back the diagnostic data. Try again.	Die Diagnosedaten ließen sich nicht wiederherstellen. Versuche es noch einmal.
Couldn't save the settings file. Try again.	Die Einstellungsdatei ließ sich nicht speichern. Versuche es noch einmal.
Couldn't save this video. Play it for a moment, then try again.	Dieses Video ließ sich nicht speichern. Spiel es kurz ab und versuche es dann noch einmal.
Couldn't start that. Try again in a moment.	Das ließ sich nicht starten. Versuche es gleich noch einmal.
Couldn't start the report export. Try again shortly.	Der Export des Berichts ließ sich nicht starten. Versuche es gleich noch einmal.
Dark mode draws black instead of dark grey. Turn on dark mode in Facebook to see it.	Der Dunkelmodus zeigt Schwarz statt Dunkelgrau. Schalte in Facebook den Dunkelmodus ein, um das zu sehen.
Debug logging	Debug-Protokollierung
Diagnostic data cleared. Tap again to put it back.	Diagnosedaten gelöscht. Tippe erneut, um sie wiederherzustellen.
Diagnostic data put back.	Diagnosedaten wiederhergestellt.
Diagnostic report copied to the clipboard.	Diagnosebericht in die Zwischenablage kopiert.
Download	Download
Download button on reels	Download-Button bei Reels
Download failed	Download fehlgeschlagen
Download feed and Watch videos	Videos aus Feed und Watch herunterladen
Download to phone	Aufs Handy herunterladen
Downloads	Downloads
Empties the log and the filter counts a report would include.	Leert das Protokoll und die Filterzähler, die ein Bericht enthalten würde.
Every switch but Debug logging acts as if it were off, and what was set when you patched stays in. Your settings stay as they are.	Jeder Schalter außer der Debug-Protokollierung verhält sich, als wäre er aus, und was beim Patchen festgelegt wurde, bleibt aktiv. Deine Einstellungen bleiben, wie sie sind.
Export diagnostic report	Diagnosebericht exportieren
Export settings	Einstellungen exportieren
Facebook closed three times within a minute of starting, so Hushfacebook paused itself.	Facebook wurde dreimal innerhalb einer Minute nach dem Start beendet, deshalb hat sich Hushfacebook selbst pausiert.
Facebook doesn't download ads or its ad model in the background.	Facebook lädt im Hintergrund weder Werbung noch sein Werbemodell herunter.
Facebook doesn't serve ads to other apps on this phone.	Facebook liefert keine Werbung an andere Apps auf diesem Handy aus.
Facebook dark mode and this screen use your wallpaper colours. Android 11 uses blue instead. Turn on Facebook dark mode to see it.	Facebooks Dunkelmodus und diese Seite nutzen die Farben deines Hintergrundbilds. Android 11 nutzt stattdessen Blau. Aktiviere Facebooks Dunkelmodus, um es zu sehen.
From the next start, the switches above stop running and Facebook's own behaviour returns. Debug logging keeps working, and your choices stay.	Ab dem nächsten Start wirken die obigen Schalter nicht mehr und Facebooks eigenes Verhalten kehrt zurück. Das Debug-Protokoll läuft weiter, und deine Auswahl bleibt erhalten.
Full report saved to %1$s	Vollständiger Bericht gespeichert unter %1$s
GPL-3.0, with the notices of the projects this is built on	GPL-3.0, mit den Hinweisen der Projekte, auf denen es aufbaut
Hide "People you may know"	„Personen, die du kennen könntest“ ausblenden
Hide "Suggested for you" posts	„Vorschläge für dich“ ausblenden
Hide AI-detected posts	Als KI erkannte Beiträge ausblenden
Hide promoted posts	Beworbene Beiträge ausblenden
Hide Reels in the feed	Reels im Feed ausblenden
Hide sponsored posts	Gesponserte Beiträge ausblenden
Hide sponsored reels	Gesponserte Reels ausblenden
Hide sponsored stories	Gesponserte Stories ausblenden
Hide suggested and promoted units	Vorschlags- und Werbekarten ausblenden
Hide the Stories tray	Stories-Leiste ausblenden
How far a photo or video you're saving has got, with a button to cancel it	Fortschritt beim Speichern eines Fotos oder Videos, mit einem Button zum Abbrechen
Hushfacebook %1$s on Facebook %2$s	Hushfacebook %1$s auf Facebook %2$s
Hushfacebook is on	Hushfacebook ist aktiv
Hushfacebook is paused	Hushfacebook ist pausiert
Hushfacebook saves	Speichern mit Hushfacebook
Hushfacebook settings	Hushfacebook-Einstellungen
Hushfacebook settings couldn't open	Hushfacebook-Einstellungen ließen sich nicht öffnen
Hushfacebook turns back on when Facebook restarts.	Hushfacebook ist wieder aktiv, sobald Facebook neu startet.
Import	Importieren
Import settings	Einstellungen importieren
Importing settings	Einstellungen werden importiert
Licenses	Lizenzen
Link expired. Reopen the item and try again	Link abgelaufen. Öffne den Inhalt neu und versuche es noch einmal
Links	Links
Material You theme	Material-You-Design
News feed	Newsfeed
No matching diagnostics found.	Keine passenden Diagnosedaten gefunden.
No screenshot watching for ads, and no reports of which apps you install.	Keine Screenshot-Erkennung bei Werbung und keine Meldungen darüber, welche Apps du installierst.
Not saved: that isn't a Facebook photo or video	Nicht gespeichert: Das ist kein Foto oder Video von Facebook
Not saved: the file is over 512 MB	Nicht gespeichert: Die Datei ist über 512 MB groß
OK	OK
Choose a folder name under Movies and Pictures. Invalid characters become underscores. Leave blank for %1$s.	Wähle einen Ordnernamen unter Movies und Pictures. Ungültige Zeichen werden zu Unterstrichen. Leer lassen für %1$s.
Open links in your browser	Links in deinem Browser öffnen
Paid ads in the feed. They're dropped before Facebook adds them, so no gap is left.	Bezahlte Anzeigen im Feed. Diese werden aussortiert, bevor Facebook sie einfügt, sodass keine Lücke bleibt.
Pause Hushfacebook	Hushfacebook pausieren
Posts Facebook files as promotions rather than as ads.	Beiträge, die Facebook als beworben statt als Anzeige einstuft.
Posts Facebook slips into your feed from people and pages you don't follow and groups you haven't joined.	Beiträge von Personen und Seiten, denen du nicht folgst, und aus Gruppen, denen du nicht beigetreten bist, die Facebook in deinen Feed schiebt.
Posts Facebook marks as AI-made. Labels added only by the person sharing stay. This switch starts off until it's tested on a real feed.	Beiträge, die Facebook als KI-generiert markiert. Nur vom Verfasser hinzugefügte Kennzeichnungen bleiben. Der Schalter bleibt aus, bis er in einem echten Feed getestet wurde.
Profiles and some Settings pages open again on this re-signed build.	Profile und einige Einstellungsseiten öffnen sich in diesem neu signierten Build wieder.
Re-signed build fix	Fix für neu signierte Builds
Reading the settings file	Einstellungsdatei wird gelesen
Reels and Watch	Reels und Watch
Remove tracking from shared links	Tracking aus geteilten Links entfernen
Retry	Erneut versuchen
Save any story	Jede Story speichern
Save cancelled	Speichern abgebrochen
Save folder	Speicherordner
Save full report	Vollständigen Bericht speichern
Saved to %1$s	Gespeichert unter %1$s
Saved to the gallery	In der Galerie gespeichert
Saved. Restart Facebook to apply this change.	Gespeichert. Starte Facebook neu, um diese Änderung zu übernehmen.
Save your switches and folder to a file. Pause and debug logging aren't included.	Speichert deine Schalter und den Ordner in einer Datei. Pause und Debug-Protokoll sind nicht enthalten.
Saves will go to a folder named %1$s.	Was du speicherst, landet dann in einem Ordner namens %1$s.
Saving a photo	Foto wird gespeichert
Saving a video	Video wird gespeichert
Saving the settings file	Einstellungsdatei wird gespeichert
Saving...	Wird gespeichert …
Set when you patched	Beim Patchen festgelegt
Settings couldn't open	Einstellungen ließen sich nicht öffnen
Settings couldn't refresh completely. Reopen settings and try again.	Die Einstellungen ließen sich nicht vollständig aktualisieren. Öffne sie neu und versuche es noch einmal.
Settings exported.	Einstellungen exportiert.
Settings imported. %1$d switch changed.	Einstellungen importiert. %1$d Schalter wurde geändert.
Settings imported. %1$d switches changed.	Einstellungen importiert. %1$d Schalter wurden geändert.
Settings imported. Saves will go to a folder named %1$s.	Einstellungen importiert. Was du speicherst, landet jetzt in einem Ordner namens %1$s.
Source code and issues	Quellcode und Issues
Stays in while paused	Bleibt während der Pause aktiv
Stories	Stories
Takes tracking tags such as mibextid off the links you share or copy. A facebook.com/share/ link is made for one share, so Facebook can still trace it back to you.	Entfernt Tracking-Tags wie mibextid aus den Links, die du teilst oder kopierst. Ein Link zu facebook.com/share/ wird für ein einzelnes Teilen erstellt, deshalb kann Facebook ihn trotzdem auf dich zurückführen.
Tap to turn it back on.	Zum Wiedereinschalten tippen.
That file is too large to be a settings file. Nothing was changed.	Diese Datei ist zu groß für eine Einstellungsdatei. Es wurde nichts geändert.
That file isn't readable text, so it may have been damaged on the way. Nothing was changed.	Diese Datei ist kein lesbarer Text, sie wurde also womöglich bei der Übertragung beschädigt. Es wurde nichts geändert.
That file lists a setting twice, so there's no telling which value to use. Nothing was changed.	Diese Datei führt eine Einstellung zweimal auf, daher ist unklar, welcher Wert gilt. Es wurde nichts geändert.
That isn't a Hushfacebook settings file. Nothing was changed.	Das ist keine Hushfacebook-Einstellungsdatei. Es wurde nichts geändert.
That settings file holds a value Hushfacebook can't read. Nothing was changed.	Diese Einstellungsdatei enthält einen Wert, den Hushfacebook nicht lesen kann. Es wurde nichts geändert.
That settings file is damaged or only partly downloaded. Nothing was changed.	Diese Einstellungsdatei ist beschädigt oder nur teilweise heruntergeladen. Es wurde nichts geändert.
That settings file was written by a newer Hushfacebook than this one. Nothing was changed.	Diese Einstellungsdatei stammt aus einer neueren Hushfacebook-Version als dieser. Es wurde nichts geändert.
the ad telemetry block	die Sperre für Werbe-Telemetrie
the AMOLED black theme	das schwarze AMOLED-Design
the Audience Network block	die Sperre für das Audience Network
the background ad prefetch block	die Sperre für das Vorabladen von Werbung im Hintergrund
The diagnostic report couldn't be saved yet. Try again in a moment.	Der Diagnosebericht ließ sich noch nicht speichern. Versuche es gleich noch einmal.
The diagnostic report couldn't be saved. Try again.	Der Diagnosebericht ließ sich nicht speichern. Versuche es noch einmal.
The file %1$s couldn't be removed. Delete it from %2$s to turn Hushfacebook back on.	Die Datei %1$s ließ sich nicht entfernen. Lösche sie aus %2$s, um Hushfacebook wieder einzuschalten.
the Material You theme	das Material-You-Design
the part of the Reels ad block patched into the app	der in die App gepatchte Teil der Reels-Werbesperre
the re-signed build fix	der Fix für neu signierte Builds
The row of friend suggestions between posts.	Die Reihe mit Freundschaftsvorschlägen zwischen den Beiträgen.
The row of stories at the top of the feed, Create story included.	Die Reihe mit Stories oben im Feed, „Story erstellen“ eingeschlossen.
The rows of reels between posts, and the reels Facebook adds where your feed ends.	Die Reihen mit Reels zwischen den Beiträgen und die Reels, die Facebook dort anhängt, wo dein Feed endet.
The setting couldn't finish updating. Its saved value is shown.	Die Einstellung ließ sich nicht vollständig aktualisieren. Der gespeicherte Wert wird angezeigt.
There is no diagnostic data to clear.	Es gibt keine Diagnosedaten zum Löschen.
There is no diagnostic data to put back.	Es gibt keine Diagnosedaten zum Wiederherstellen.
They're chosen in Morphe Manager when you patch, and Pause doesn't turn them off. Patch again to change them.	Diese werden beim Patchen in Morphe Manager ausgewählt, und die Pause schaltet sie nicht aus. Patche erneut, um sie zu ändern.
This phone has no file picker, so there's no way to choose a file here.	Dieses Handy hat keine Dateiauswahl, hier lässt sich also keine Datei wählen.
Try again, or go back to Facebook.	Versuche es noch einmal oder kehre zu Facebook zurück.
Version	Version
Version %1$s for Facebook %2$s	Version %1$s für Facebook %2$s
Videos go to %1$s and photos to %2$s.	Videos landen in %1$s und Fotos in %2$s.
Web links leave Facebook's in-app browser. Facebook's own pages still open in the app.	Weblinks öffnen sich nicht mehr im In-App-Browser von Facebook. Facebooks eigene Seiten öffnen sich weiterhin in der App.
Writes what each patch does to the Android log. Leave it off unless you're reporting a problem.	Schreibt ins Android-Protokoll, was jeder Patch tut. Lass sie ausgeschaltet, außer du meldest ein Problem.
You paused Hushfacebook.	Du hast Hushfacebook pausiert.
Your switches already match that file, so nothing will change.	Deine Schalter entsprechen bereits dieser Datei, es ändert sich also nichts.
Keep feed position on return	Feedposition beim Zurückkehren beibehalten
Returning to Facebook within ten minutes keeps your place. Pull to refresh still works.	Wenn du innerhalb von zehn Minuten zu Facebook zurückkehrst, bleibst du an derselben Stelle. Zum Aktualisieren kannst du weiter nach unten ziehen.
A finished Story stays on screen until you tap or swipe. Turn this off for Facebook's timing.	Eine abgeschlossene Story bleibt sichtbar, bis du tippst oder wischst. Schalte dies aus, um Facebooks Zeitsteuerung zu nutzen.
Stop Story auto-advance	Automatisches Weiterspringen bei Stories stoppen
Copy a short report to the clipboard.	Kurzen Bericht in die Zwischenablage kopieren.
Save the full report in Download/Morphe.	Vollständigen Bericht unter Download/Morphe speichern.
Folder set to %1$s.	Ordner auf %1$s gesetzt.
Save	Speichern
Folder name	Ordnername
