# Brazilian Portuguese for Hushfacebook: the English key, a tab, the translation. One row per string.
# After editing, run python scripts/gen-l10n.py from the repository root.
"Pages you may like" cards and the cards Facebook uses to push its own features. In-feed surveys go too.	“Páginas que você talvez curta” e os cards que o Facebook usa para divulgar os próprios recursos. As pesquisas no feed também são removidas.
%1$d item in that file isn't a setting this version of Hushfacebook knows, so it'll be left out.	%1$d item desse arquivo não é uma configuração conhecida por esta versão do Hushfacebook e será ignorado.
%1$d items in that file aren't settings this version of Hushfacebook knows, so they'll be left out.	%1$d itens desse arquivo não são configurações conhecidas por esta versão do Hushfacebook e serão ignorados.
%1$d switch will change.	%1$d opção será alterada.
%1$d switches will change.	%1$d opções serão alteradas.
%1$s of %2$s	%1$s de %2$s
%1$s so far	%1$s até o momento
%1$s. It was set when you patched, so Pause can't turn it off. To rule it out, patch again and leave out that patch.	%1$s. Isso foi definido quando você aplicou os patches, então a pausa não pode desativá-lo. Para descartar essa possibilidade, aplique os patches novamente sem esse patch.
%1$s. They were set when you patched, so Pause can't turn them off. To rule one out, patch again and leave out the patch in brackets after it.	%1$s. Esses itens foram definidos quando você aplicou os patches, então a pausa não pode desativá-los. Para descartar um deles, aplique os patches novamente sem o patch entre colchetes depois dele.
A diagnostic report is already being saved.	Um relatório de diagnóstico já está sendo salvo.
A Download button in the sidebar of every reel saves it at the quality set under Downloads. Off or paused, reels show only Facebook's own buttons.	Um botão de download na barra lateral de cada Reel o salva na qualidade definida em Downloads. Desativado ou pausado, o Reel mostra apenas os botões do próprio Facebook.
A file named %1$s in %2$s paused Hushfacebook.	Um arquivo chamado %1$s em %2$s pausou o Hushfacebook.
About	Sobre
Ad cards between the stories people posted.	Anúncios entre os stories que as pessoas postaram.
Ad telemetry blocked	Telemetria de anúncios bloqueada
Adds "Download to phone" to feed and Watch video menus. Saves at the quality set below. Off or paused, Facebook's menu returns.	Adiciona “Baixar para o celular” aos menus de vídeo do feed e do Watch. Salva na qualidade definida abaixo. Desativado ou pausado, o menu do Facebook volta a ser exibido.
Adds Save to the menu of anyone's story, and saves at the quality set under Downloads. Off or paused, only your own stories have Save, and it's Facebook's own.	Adiciona a opção Salvar ao menu do Story de qualquer pessoa e salva na qualidade definida em Downloads. Desativado ou pausado, Salvar aparece apenas nos seus próprios Stories e usa a função do Facebook.
Ads inside Reels, starting with the next batch Facebook loads. Banners, mid-rolls and app-inserted ads stay blocked even while paused.	Anúncios dentro dos Reels, a partir do próximo lote carregado pelo Facebook. Banners, anúncios no meio dos vídeos e anúncios inseridos pelo aplicativo continuam bloqueados mesmo durante a pausa.
AMOLED black theme	Tema preto AMOLED
Appearance	Aparência
Audience Network off	Audience Network desativado
Back	Voltar
Background ad prefetch blocked	Pré-carregamento de anúncios em segundo plano bloqueado
Cancel	Cancelar
Changing these	Como alterar estas opções
Choose a settings file. Before anything is imported, you'll see how many switches it changes and any new download settings.	Escolha um arquivo de configurações. Antes de importar qualquer coisa, você verá quantas opções serão alteradas e quais novas configurações de download serão adicionadas.
Clear diagnostic data	Limpar dados de diagnóstico
Copy a quick report or save the full one to Download/Morphe. Names, IDs, links and cookies are omitted.	Copie um relatório rápido ou salve o relatório completo em Download/Morphe. Nomes, IDs, links e cookies são omitidos.
Copy quick report	Copiar relatório rápido
Couldn't import every setting. Check the switches on this screen.	Não foi possível importar todas as configurações. Confira as opções nesta tela.
Couldn't import the settings. Nothing was changed.	Não foi possível importar as configurações. Nada foi alterado.
Couldn't open that file. Nothing was changed.	Não foi possível abrir esse arquivo. Nada foi alterado.
Couldn't open the file picker. Try again.	Não foi possível abrir o seletor de arquivos. Tente de novo.
Couldn't put back the diagnostic data. Try again.	Não foi possível restaurar os dados de diagnóstico. Tente de novo.
Couldn't save the settings file. Try again.	Não foi possível salvar o arquivo de configurações. Tente de novo.
Couldn't save this video. Play it for a moment, then try again.	Não foi possível salvar este vídeo. Reproduza por alguns instantes e tente de novo.
Couldn't start that. Try again in a moment.	Não foi possível iniciar isso. Tente de novo em instantes.
Couldn't start the report export. Try again shortly.	Não foi possível iniciar a exportação do relatório. Tente de novo daqui a pouco.
Dark mode draws black instead of dark grey. Turn on dark mode in Facebook to see it.	O modo escuro usa preto em vez de cinza-escuro. Ative o modo escuro no Facebook para vê-lo.
Debug logging	Registro de depuração
Diagnostic data cleared. Tap again to put it back.	Dados de diagnóstico apagados. Toque de novo para restaurá-los.
Diagnostic data put back.	Dados de diagnóstico restaurados.
Diagnostic report copied to the clipboard.	Relatório de diagnóstico copiado para a área de transferência.
Download	Baixar
Download button on reels	Botão de download nos reels
Download failed	Falha no download
Download feed and Watch videos	Baixar vídeos do feed e do Watch
Download to phone	Baixar no celular
Downloads	Downloads
Empties the log and the filter counts a report would include.	Apaga o registro e as contagens dos filtros que seriam incluídos em um relatório.
Every switch but Debug logging acts as if it were off, and what was set when you patched stays in. Your settings stay as they are.	Todas as opções, exceto Registro de depuração, funcionam como se estivessem desativadas, e o que foi definido ao aplicar os patches permanece ativo. Suas configurações não são alteradas.
Export diagnostic report	Exportar relatório de diagnóstico
Export settings	Exportar configurações
Facebook crashed or froze within a minute of starting three times in a row, so Hushfacebook paused itself.	O Facebook fechou com erro ou travou no primeiro minuto após iniciar, três vezes seguidas, então o Hushfacebook foi pausado automaticamente.
Facebook doesn't download ads or its ad model in the background.	O Facebook não baixa anúncios nem seu modelo de anúncios em segundo plano.
Facebook doesn't serve ads to other apps on this phone.	O Facebook não exibe anúncios para outros aplicativos neste dispositivo.
Facebook dark mode and this screen use your wallpaper colours. Android 11 uses blue instead. Turn on Facebook dark mode to see it.	O modo escuro do Facebook e esta tela usam as cores do seu papel de parede. No Android 11, é usado azul. Ative o modo escuro do Facebook para vê-lo.
Emoji are drawn with your phone's own emoji font instead of Meta's. Reactions and stickers don't change. Restart Facebook after changing this.	Os emojis são exibidos usando a fonte de emojis do seu dispositivo em vez da fonte da Meta. Reações e figurinhas não são alteradas. Reinicie o Facebook depois de alterar esta opção.
Facebook's text is drawn in your phone's font, or in a font file you choose below, instead of Meta's own. Restart Facebook after changing this.	O texto do Facebook é exibido usando a fonte do seu dispositivo ou um arquivo de fonte escolhido abaixo, em vez da fonte da Meta. Reinicie o Facebook depois de alterar esta opção.
Font file	Arquivo de fonte
Use your phone's font	Usar a fonte do celular
Stops using the font file and goes back to your phone's font.	Deixa de usar o arquivo de fonte e volta para a fonte do seu celular.
None chosen, so your phone's font is used. Choose a TrueType or OpenType file of up to %1$d MB.	Nenhuma fonte foi escolhida, então a fonte do seu dispositivo será usada. Escolha um arquivo TrueType ou OpenType de até %1$d MB.
Hushfacebook's copy of %1$s is gone, so your phone's font is used. Choose the file again.	A cópia de %1$s feita pelo Hushfacebook não está mais disponível, então a fonte do seu dispositivo será usada. Escolha o arquivo novamente.
Using %1$s. Choose another file to replace it.	Usando %1$s. Escolha outro arquivo para substituí-lo.
Copying the font file	Copiando o arquivo de fonte
Font set to %1$s. Restart Facebook to see it.	Fonte definida como %1$s. Reinicie o Facebook para ver.
That isn't a TrueType or OpenType font file. Your font didn't change.	Isso não é um arquivo de fonte TrueType ou OpenType. Sua fonte não mudou.
That font file is over %1$d MB. Your font didn't change.	Esse arquivo de fonte tem mais de %1$d MB. Sua fonte não mudou.
Android couldn't draw with that font file. Your font didn't change.	O Android não conseguiu desenhar com esse arquivo de fonte. Sua fonte não mudou.
Couldn't save a copy of that font. Check that the phone has room, then try again.	Não foi possível salvar uma cópia dessa fonte. Veja se o celular tem espaço e tente de novo.
Couldn't open that file. Your font didn't change.	Não foi possível abrir esse arquivo. Sua fonte não mudou.
Back to your phone's font. Restart Facebook to see it.	De volta à fonte do seu celular. Reinicie o Facebook para ver.
Couldn't go back to your phone's font. Try again.	Não foi possível voltar para a fonte do seu celular. Tente de novo.
From the next start, the switches above stop running and Facebook's own behaviour returns. Debug logging keeps working, and your choices stay.	Na próxima inicialização, as opções acima deixarão de funcionar e o comportamento padrão do Facebook voltará. O Registro de depuração continuará funcionando e suas escolhas serão mantidas.
Full report saved to %1$s	Relatório completo salvo em %1$s
GPL-3.0, with the notices of the projects this is built on	GPL-3.0, com os avisos dos projetos em que o Hushfacebook se baseia
Hide "People you may know"	Ocultar “Pessoas que você talvez conheça”
Hide "Suggested for you" posts	Ocultar publicações “Sugestões para você”
Hide AI-detected posts	Ocultar publicações detectadas como geradas por IA
Hide promoted posts	Ocultar publicações promovidas
Hide Reels in the feed	Ocultar reels no feed
Hide sponsored posts	Ocultar publicações patrocinadas
Hide sponsored reels	Ocultar reels patrocinados
Hide sponsored stories	Ocultar Stories patrocinados
Hide page suggestions and Facebook's own promos	Ocultar sugestões de Páginas e promoções do próprio Facebook
Hide the Stories tray	Ocultar a bandeja de Stories
How far a photo or video you're saving has got, with a button to cancel it	Indica o progresso do salvamento de uma foto ou vídeo, com um botão para cancelá-lo.
Hushfacebook %1$s on Facebook %2$s	Hushfacebook %1$s no Facebook %2$s
Hushfacebook is on	O Hushfacebook está ativo
Hushfacebook is paused	O Hushfacebook está pausado
Hushfacebook saves	Salvamentos do Hushfacebook
Hushfacebook settings	Configurações do Hushfacebook
Hushfacebook settings couldn't open	Não foi possível abrir as configurações do Hushfacebook
Hushfacebook turns back on when Facebook restarts.	O Hushfacebook será reativado quando o Facebook for reiniciado.
Import	Importar
Import settings	Importar configurações
Importing settings	Importando as configurações
Licenses	Licenças
Link expired. Reopen the item and try again	Link expirado. Reabra o item e tente novamente.
Links	Links
Material You theme	Tema Material You
News feed	Feed de notícias
There's nothing to report yet. Turn on Debug logging, repeat what went wrong, then export again.	Ainda não há nada para relatar. Ative o Registro de depuração, reproduza o problema e exporte o relatório novamente.
No screenshot watching for ads, and no reports of which apps you install.	Sem monitoramento de capturas de tela de anúncios e sem relatórios sobre quais aplicativos você instala.
Not saved: that isn't a Facebook photo or video	Não salvo: isso não é uma foto nem um vídeo do Facebook
Not saved: the file is over 512 MB	Não foi salvo: o arquivo tem mais de 512 MB
OK	OK
Choose a folder name under Movies and Pictures. Invalid characters become underscores. Leave it blank to use the default folder, %1$s.	Escolha o nome da pasta dentro de Movies e Pictures. Caracteres inválidos são substituídos por sublinhados. Deixe em branco para usar a pasta padrão, %1$s.
Open links in your browser	Abrir links no seu navegador
Paid ads in the feed. They're dropped before Facebook adds them, so no gap is left.	Anúncios pagos no feed. Eles são removidos antes de o Facebook adicioná-los, portanto não fica nenhum espaço vazio.
Pause Hushfacebook	Pausar o Hushfacebook
Posts Facebook files as promotions rather than as ads.	Publicações que o Facebook classifica como promoções, e não como anúncios.
Posts Facebook slips into your feed from people and pages you don't follow and groups you haven't joined.	Publicações de pessoas e Páginas que você não segue e de grupos dos quais você não participa, inseridas pelo Facebook no seu feed.
Posts that Facebook's own detection marks as made with AI. A post that only its creator labelled as AI stays. It's off by default because it hasn't been tested on a real feed yet.	Publicações que a detecção do próprio Facebook marca como geradas por IA. Uma publicação que apenas o autor marcou como IA continua aparecendo. Esta opção vem desativada por padrão porque ainda não foi testada em um feed real.
Profiles and some Settings pages open again on this re-signed build.	Perfis e algumas páginas de Configurações voltam a abrir nesta versão com nova assinatura.
Re-signed build fix	Correção para versão com nova assinatura
Reading the settings file	Lendo o arquivo de configurações
Reels and Watch	Reels e Watch
Remove tracking from shared links	Remover o rastreamento dos links compartilhados
Retry	Tentar novamente
Save any story	Salvar qualquer story
Save cancelled	Salvamento cancelado
Save folder	Pasta de destino
Save full report	Salvar relatório completo
Saved to %1$s	Salvo em %1$s
Saved to the gallery	Salvo na galeria
Saved. Restart Facebook to apply this change.	Salvo. Reinicie o Facebook para aplicar esta alteração.
Save your switches and download settings to a file. Pause and Debug logging aren't included, and neither is the release check.	Salve suas opções e configurações de download em um arquivo. Pausa e Registro de depuração não são incluídos, nem a verificação de novas versões.
# The release check: its switch and Check now row under Updates, the status card's line about a newer release, and what a failed try says.
Check for new Hushfacebook releases	Procurar novas versões do Hushfacebook
Once a day, when Facebook starts, Hushfacebook asks GitHub for its newest release and shows it at the top of this screen if it's newer. It's the only time Hushfacebook goes online for itself, so it's off until you turn it on. Nothing gets downloaded.	Uma vez por dia, quando o Facebook é iniciado, o Hushfacebook consulta o GitHub para obter a versão mais nova e a mostra no topo desta tela se for mais recente. É a única vez que o Hushfacebook acessa a internet por conta própria, por isso fica desativado até você ativá-lo. Nada é baixado.
Check now	Verificar agora
Asks GitHub for the newest release right now, even with the switch above off.	Consulta o GitHub agora mesmo em busca da versão mais nova, mesmo que a opção acima esteja desativada.
Checking GitHub now.	Consultando o GitHub agora.
Hushfacebook %1$s is out. Update it in Morphe Manager.	O Hushfacebook %1$s está disponível. Atualize-o pelo Morphe Manager.
It targets Facebook %1$s.	Compatível com o Facebook %1$s.
Hushfacebook %1$s targets Facebook %2$s.	O Hushfacebook %1$s é compatível com o Facebook %2$s.
You have the newest Hushfacebook release.	Você já está usando a versão mais nova do Hushfacebook.
The newest Hushfacebook release is %1$s.	A versão mais nova do Hushfacebook é %1$s.
Couldn't reach GitHub. Try again later.	Não foi possível conectar-se ao GitHub. Tente novamente mais tarde.
GitHub is turning away checks from this network for now. Try again later.	O GitHub está recusando consultas desta rede por enquanto. Tente novamente mais tarde.
GitHub's answer couldn't be used. Try again later.	Não foi possível usar a resposta do GitHub. Tente novamente mais tarde.
Saves will go to a folder named %1$s.	Os arquivos salvos serão enviados para uma pasta chamada %1$s.
Saving a photo	Salvando uma foto
Saving a video	Salvando um vídeo
Saving the settings file	Salvando o arquivo de configurações
Saving...	Salvando...
Set when you patched	Definido ao aplicar os patches
Settings couldn't open	Não foi possível abrir as configurações
Settings couldn't refresh completely. Reopen settings and try again.	Não foi possível atualizar completamente as configurações. Reabra as configurações e tente novamente.
Settings exported.	Configurações exportadas.
Settings imported. %1$d switch changed.	Configurações importadas. %1$d opção foi alterada.
Settings imported. %1$d switches changed.	Configurações importadas. %1$d opções foram alteradas.
Settings imported. Saves will go to a folder named %1$s.	Configurações importadas. Os arquivos salvos serão enviados para uma pasta chamada %1$s.
Source code and issues	Código-fonte e relatos de problemas
Stays in while paused	O que continua ativo na pausa
Stories	Stories
Takes tracking tags such as mibextid off the links you share or copy. A facebook.com/share/ link is made for one share, so Facebook can still trace it back to you.	Remove dos links que você compartilha ou copia as tags de rastreamento, como mibextid. Um link facebook.com/share/ é criado para um único compartilhamento, então o Facebook ainda pode rastreá-lo até você.
Tap to turn it back on.	Toque para reativar.
That file is too large to be a settings file. Nothing was changed.	Esse arquivo é grande demais para ser um arquivo de configurações. Nada foi alterado.
That file isn't readable text, so it may have been damaged on the way. Nothing was changed.	Esse arquivo não contém texto legível, então pode ter sido corrompido durante o processo. Nada foi alterado.
That file lists a setting twice, so there's no telling which value to use. Nothing was changed.	Esse arquivo contém uma configuração duplicada, então não é possível saber qual valor usar. Nada foi alterado.
That isn't a Hushfacebook settings file. Nothing was changed.	Isso não é um arquivo de configurações do Hushfacebook. Nada foi alterado.
That settings file holds a value Hushfacebook can't read. Nothing was changed.	Esse arquivo de configurações tem um valor que o Hushfacebook não consegue ler. Nada foi alterado.
That settings file is damaged or only partly downloaded. Nothing was changed.	Esse arquivo de configurações está corrompido ou foi baixado apenas parcialmente. Nada foi alterado.
That settings file was written by a newer Hushfacebook than this one. Nothing was changed.	Esse arquivo de configurações foi criado por uma versão do Hushfacebook mais nova que esta. Nada foi alterado.
the Audience Network block	o bloqueio do Audience Network
the black background in dark mode	o fundo preto do modo escuro
the block on downloading ads in the background	o bloqueio do download de anúncios em segundo plano
the block on reports of ad screenshots and app installs	o bloqueio dos relatórios sobre capturas de tela de anúncios e apps instalados
The diagnostic report couldn't be saved yet. Try again in a moment.	O relatório de diagnóstico ainda não pôde ser salvo. Tente de novo em instantes.
The diagnostic report couldn't be saved. Try again.	Não foi possível salvar o relatório de diagnóstico. Tente de novo.
The file %1$s couldn't be removed. Delete it from %2$s to turn Hushfacebook back on.	Não foi possível remover o arquivo %1$s. Exclua-o de %2$s para reativar o Hushfacebook.
the part of the Reels ad block patched into the app	a parte do bloqueio de anúncios do Reels aplicada no app
the re-signed build fix	a correção para versão reassinada
the recoloured dark mode	a nova coloração do modo escuro
The row of friend suggestions between posts, and the one on your own profile.	A linha de sugestões de amizade entre as publicações e a linha no seu próprio perfil.
The row of stories at the top of the feed, Create story included.	A linha de Stories no topo do feed, incluindo “Criar Story”.
The rows of reels between posts, and the reels Facebook adds where your feed ends.	As linhas de Reels entre as publicações e os Reels que o Facebook adiciona ao final do feed.
The setting couldn't finish updating. Its saved value is shown.	Não foi possível concluir a atualização da configuração. O valor salvo está sendo mostrado.
There's no diagnostic data to clear.	Não há dados de diagnóstico para limpar.
There's no diagnostic data to put back.	Não há dados de diagnóstico para restaurar.
They're chosen in Morphe Manager when you patch, and Pause doesn't turn them off. Patch again to change them.	Eles são escolhidos no Morphe Manager quando você aplica os patches, e a pausa não os desativa. Aplique os patches novamente para alterá-los.
This phone has no file picker, so there's no way to choose a file here.	Este dispositivo não tem seletor de arquivos, então não é possível escolher um arquivo aqui.
Try again, or go back to Facebook.	Tente novamente ou volte para o Facebook.
The switch takes effect when Facebook restarts.	A opção entra em vigor quando o Facebook for reiniciado.
Use the system font	Usar a fonte do sistema
Use the phone's emoji	Usar os emojis do celular
Version	Versão
Version %1$s for Facebook %2$s	Versão %1$s para o Facebook %2$s
Videos go to %1$s and photos to %2$s.	Os vídeos vão para %1$s e as fotos para %2$s.
Web links leave Facebook's in-app browser. Facebook's own pages still open in the app.	Links da web deixam de abrir no navegador interno do Facebook. As páginas do próprio Facebook continuam abrindo no aplicativo.
Writes what each patch does to the Android log and the diagnostic report, and shows errors on screen. Leave it off unless you're reporting a problem.	Registra no log do Android e no relatório de diagnóstico o que cada patch faz e mostra os erros na tela. Mantenha desativado, a menos que esteja relatando um problema.
You paused Hushfacebook.	Você pausou o Hushfacebook.
Your switches already match that file, so nothing will change.	Suas opções já correspondem às desse arquivo, então nada será alterado.
Keep feed position on return	Manter a posição no feed ao voltar
Returning to Facebook within ten minutes keeps your place. Pull to refresh still works.	Ao voltar ao Facebook em até dez minutos, você continuará no ponto em que estava. O gesto de puxar para baixo para atualizar continuará funcionando.
A finished story stays on screen until you tap or swipe. Turn this off for Facebook's timing.	Um Story concluído permanece na tela até você tocar ou deslizar. Desative esta opção para usar a duração padrão do Facebook.
Stop Story auto-advance	Desativar avanço automático dos Stories
Copy a short report to the clipboard.	Copie um relatório curto para a área de transferência.
Save the full report in Download/Morphe.	Salve o relatório completo em Download/Morphe.
Folder set to %1$s.	Pasta definida como %1$s.
Save	Salvar
Folder name	Nome da pasta
Hide prompts and promos under reels	Ocultar convites e promoções nos Reels
Remix, Use template, Add yours and Edits buttons, plus Stars, games, partner apps and outside links. The song and other labels stay.	Botões Remix, Usar modelo, Adicionar o seu e Edits, além de Estrelas, jogos, aplicativos parceiros e links externos. A música e os demais rótulos permanecem.
Hide the Follow button on reels	Ocultar o botão Seguir nos reels
The Follow button next to the reel's author. You can still follow them from their profile.	O botão Seguir ao lado de quem publicou o reel. Você ainda pode seguir a pessoa pelo perfil dela.
Hide comment and reaction previews	Ocultar prévias de comentários e reações
The comment Facebook previews under a reel and the bubbles of friends who reacted. Open the comments to see them all.	O comentário que o Facebook mostra como prévia abaixo de um Reel e as bolhas dos amigos que reagiram. Abra os comentários para ver todos.
Download quality	Qualidade do download
Best	A melhor
Smallest	A menor
Each video saves at the best quality the player streams.	Cada vídeo é salvo na melhor qualidade que o player reproduz.
Each video saves at its lowest quality, for the smallest file.	Cada vídeo é salvo na menor qualidade disponível, para gerar o menor arquivo possível.
Each video saves at %1$s or the closest quality below it. A video with nothing that low saves at the closest quality above.	Cada vídeo é salvo em %1$s ou na qualidade disponível mais próxima abaixo disso. Se não houver uma qualidade tão baixa, o vídeo será salvo na qualidade disponível mais próxima acima.
Videos will save at the best quality.	Os vídeos vão ser salvos na melhor qualidade.
Videos will save at their lowest quality, for the smallest files.	Os vídeos serão salvos na menor qualidade disponível, para gerar os menores arquivos possíveis.
Videos will save at %1$s or the closest quality below it. A video with nothing that low will save at the closest quality above.	Os vídeos serão salvos em %1$s ou na qualidade disponível mais próxima abaixo disso. Se não houver uma qualidade tão baixa, serão salvos na qualidade disponível mais próxima acima.
Settings imported.	Configurações importadas.
Video file name	Nome do arquivo de vídeo
%1$s becomes the date and time of the save, %2$s the video's number on Facebook, %3$s who posted it and %4$s the day it was posted. What a save doesn't know is left out, and a name with none of these gets the date added. When the name is already in the folder, the time of the save goes on the end. Invalid characters become underscores. Leave it blank to use the default, %5$s.	%1$s representa a data e a hora do salvamento, %2$s o número do vídeo no Facebook, %3$s quem o publicou e %4$s o dia da publicação. O que não estiver disponível será omitido, e um nome sem nenhum desses dados receberá a data. Se o nome já existir na pasta, a hora do salvamento será acrescentada ao final. Caracteres inválidos são substituídos por sublinhados. Deixe em branco para usar o nome padrão, %5$s.
Videos are named %1$s. Photos keep Facebook's own %2$s names.	Os vídeos serão nomeados como %1$s. As fotos mantêm os nomes %2$s definidos pelo próprio Facebook.
Saved videos will be named %1$s.	Os vídeos salvos serão nomeados como %1$s.
File name	Nome do arquivo
File name set to %1$s.	Nome do arquivo definido como %1$s.
Hide AI-detected reels and videos	Ocultar reels e vídeos detectados como IA
No app on this phone can open the link. The address is %1$s.	Nenhum aplicativo neste dispositivo consegue abrir o link. O endereço é %1$s.
Hushfacebook pauses when Facebook restarts.	O Hushfacebook será pausado quando o Facebook for reiniciado.
Pause, backup and diagnostics	Pausa, backup e diagnóstico
Updates	Atualizações
Stop update prompts	Parar os avisos de atualização
Facebook stops asking you to update through Meta App Manager and stops having it look for one. Chat promotions aimed at older versions go too. A patched build can't install Meta's updates anyway.	O Facebook deixa de pedir atualizações pelo Meta App Manager e também deixa de procurar por elas. As promoções de chat destinadas a versões antigas também desaparecem. Uma versão com patch não consegue instalar as atualizações da Meta de qualquer forma.
Reels and Watch videos that Facebook's own detection marks as made with AI, starting with the next batch Facebook loads. One that only its creator labelled as AI stays. It's off by default because it hasn't been tested on a real account yet.	Reels e vídeos do Watch que a detecção do próprio Facebook marca como gerados por IA, a partir do próximo lote carregado pelo Facebook. Um vídeo que apenas o autor marcou como IA continua aparecendo. Esta opção vem desativada por padrão porque ainda não foi testada com uma conta real.
Don't send reel watch history	Não enviar o histórico de reels assistidos
Facebook stops getting the list of reels you've watched, which it uses to rank your Reels feed. Nobody else sees that list. Reels you've already watched may come back in the feed.	O Facebook deixa de receber a lista de Reels que você assistiu, usada para classificar seu feed de Reels. Ninguém mais vê essa lista. Reels que você já assistiu podem voltar a aparecer no feed.
the rename of the shared permissions	a renomeação das permissões compartilhadas
Room for Meta's apps	Espaço para os apps da Meta
Messenger, Facebook Lite, Business Suite and Workplace install beside this Facebook. It gives the two permissions they share with it names of its own.	Messenger, Facebook Lite, Business Suite e Workplace são instalados ao lado deste Facebook. Ele dá nomes próprios às duas permissões que esses aplicativos compartilham com ele.
# context: settings section heading for the Open on a chosen tab rows
Opening Facebook	Ao abrir o Facebook
# context: switch title; the list below it picks the tab
Open on a chosen tab	Abrir em uma aba escolhida
Starting Facebook from its icon opens the tab chosen below instead of Facebook's usual one. Notifications and links still open where they lead.	Iniciar o Facebook pelo ícone abre a aba escolhida abaixo, em vez da aba padrão do Facebook. Notificações e links continuam abrindo no destino correspondente.
# context: title of the list of tabs Facebook can open on
Tab to open on	Aba ao abrir
# context: the names of Facebook's own tabs, as its tab bar shows them
Home	Página inicial
Feeds	Feeds
Video	Vídeo
Friends	Amigos
Marketplace	Marketplace
Notifications	Notificações
Menu	Menu
# context: summary of the tab list; %1$s is one of the tab names above
Facebook opens on %1$s. If your tab bar doesn't have it, Facebook opens on Home.	O Facebook abre em %1$s. Se essa aba não estiver na sua barra de abas, o Facebook abrirá na Página inicial.
# context: a sentence in the settings import preview and its toast; %1$s is a tab name
Facebook will open on %1$s.	O Facebook vai abrir em %1$s.
Jump to a section	Ir para uma seção
Go straight to one group of settings. Back returns to where you were.	Vá diretamente para um grupo de configurações. Voltar leva você de volta ao ponto em que estava.
# context: switch title under Downloads; on, every video save keeps to formats other apps accept
Save videos other apps can open	Salvar vídeos que outros apps conseguem abrir
# context: summary of that switch; H.264, AAC, AV1 and WhatsApp are names and stay as they are
Saves videos as H.264 with AAC sound, which apps like WhatsApp accept. Facebook's sharpest version is often AV1, which some apps turn down, so a video can save at a lower quality. A video with no such version saves as usual.	Salva os vídeos em H.264 com áudio AAC, formato aceito por aplicativos como o WhatsApp. A versão mais nítida do Facebook costuma ser AV1, que alguns aplicativos não aceitam, então o vídeo pode ser salvo em qualidade menor. Se não houver essa versão, o vídeo será salvo normalmente.
# context: section title for the Chats settings, named like Facebook's own Chats screen
Chats	Conversas
# context: switch title under Chats; the card is Facebook's own "Get the Messenger app" card
Hide the Get Messenger card	Ocultar o cartão Baixar o Messenger
# context: summary of that switch; Messenger is the app's name and stays as it is
The card at the top of Chats that asks you to get the Messenger app goes while Messenger is installed. Without Messenger it stays, so you can still install it from there.	O cartão no topo de Conversas que pede para você baixar o aplicativo Messenger desaparece enquanto o Messenger estiver instalado. Sem o Messenger, ele permanece para que você possa instalá-lo por ali.
# context: settings section heading for the Tap to play switch
Playback	Reprodução
# context: switch title; on, videos and music wait for a tap before they play
Tap to play	Tocar para reproduzir
# context: summary of that switch; Autoplay and Off are the name and value of Facebook's own setting, as Facebook shows them in this language
Videos, reels, stories and music wait for your tap before they play. Facebook's own Autoplay setting reads Off while this is on, and goes back to what you chose when it's off.	Vídeos, Reels, Stories e músicas aguardam um toque antes de começar a reprodução. A configuração própria de Reprodução automática do Facebook fica como Desativada enquanto esta opção estiver ativa e volta ao valor escolhido por você quando ela for desativada.
# context: switch title under Opening Facebook; Marketplace is Facebook's tab and keeps its name
Marketplace only	Só Marketplace
# context: summary of that switch; the tab names are Facebook's own, as its tab bar shows them
The tab bar keeps Marketplace, Notifications and your profile or Menu, and Facebook opens on Marketplace. Home with the news feed, Video, Friends and the other tabs go. Notifications and links still open where they lead.	A barra de abas mantém Marketplace, Notificações e seu perfil ou Menu, e o Facebook abre no Marketplace. A Página inicial com o feed de notícias, Vídeo, Amigos e as outras abas desaparecem. Notificações e links continuam abrindo no destino correspondente.
# context: switch title under Menu; Upgrades is the name of a section in Facebook's own Menu
Hide Upgrades	Ocultar “Upgrades”
# context: summary of that switch; Settings and Help and support are Facebook's own Menu sections
The Upgrades section and its offers leave Facebook's Menu. Settings, Help and support and the rest of the Menu stay.	A seção “Upgrades” e suas ofertas são removidas do Menu do Facebook. Configurações, Ajuda e suporte e o restante do Menu permanecem.
# context: switch title under Menu; Also from Meta is the name of a section in Facebook's own Menu
Hide Also from Meta	Ocultar “Também da Meta”
# context: summary of that switch; the section links to Meta's other apps and shows ads for its devices
The Also from Meta section leaves Facebook's Menu, with its links to Meta's other apps and its ads for Meta's devices. Your own shortcuts stay.	A seção “Também da Meta” é removida do Menu do Facebook, incluindo links para outros aplicativos da Meta e anúncios dos dispositivos da Meta. Seus próprios atalhos permanecem.
# context: section title for the search settings, named like Facebook's own search
Search	Pesquisa
# context: switch title under Search; Meta AI is Meta's assistant and keeps its name
Hide Meta AI in search	Ocultar a Meta AI na pesquisa
# context: summary of that switch; Meta AI and Ask Meta AI are Meta's own names, as Facebook shows them
Search results lose the Meta AI answer and the Ask Meta AI prompts, and a suggestion no longer sends your search to Meta AI. People, groups, pages and posts stay, and the Meta AI button still opens Meta AI.	Os resultados da pesquisa deixam de mostrar a resposta da Meta AI e as sugestões para perguntar à Meta AI, e uma sugestão não enviará mais sua pesquisa para a Meta AI. Pessoas, grupos, páginas e publicações permanecem, e o botão da Meta AI continua abrindo a Meta AI.
# context: settings section heading for the Default comment order switch and its list
Comments	Comentários
# context: switch title; on, a post's comments open in the order chosen in the list below it
Default comment order	Ordem padrão dos comentários
# context: summary of that switch; a link to a comment is one from a notification, say
Comments open in the order chosen below instead of the one Facebook picks. An order you pick in a post's comments stays for that post until Facebook restarts, and links to a comment keep Facebook's order.	Os comentários são abertos na ordem escolhida abaixo, em vez da ordem selecionada pelo Facebook. A ordem escolhida nos comentários de uma publicação permanece para essa publicação até o Facebook ser reiniciado, e links para comentários mantêm a ordem escolhida pelo Facebook.
# context: title of the list of comment orders, and of its dialog
Comment order	Ordem dos comentários
# context: entry of that list: the order Facebook's servers pick, which is what happens without Hushfacebook
Facebook's choice	Escolha do Facebook
# context: entry of that list; Facebook's own name for this order in the sort menu of a post's comments
Most relevant	Mais relevantes
# context: entry of that list; Facebook's own name for this order in the sort menu of a post's comments
Newest	Mais recentes
# context: entry of that list; Facebook's own name for this order in the sort menu of a post's comments
All comments	Todos os comentários
# context: summary of the list when Facebook's choice is picked; Most relevant is Facebook's own name for that order
Comments open in the order Facebook picks, which is usually Most relevant.	Os comentários são abertos na ordem escolhida pelo Facebook, que normalmente é Mais relevantes.
# context: summary of the list; %1$s is one of the order names above, as Facebook's sort menu shows it
A post's comments open with %1$s picked in their sort menu, where the post offers it.	Os comentários de uma publicação são abertos com %1$s selecionado no menu de ordenação, quando essa opção estiver disponível.
# context: sentence in the import preview and the toast after an import that sets the comment order to Facebook's choice
Comments will open in the order Facebook picks.	Os comentários vão abrir na ordem que o Facebook escolher.
# context: sentence in the import preview and the toast after an import that sets the comment order; %1$s is one of the order names above
Comments will open with %1$s picked in their sort menu.	Os comentários vão abrir com %1$s escolhido no menu de ordenação.
# context: switch title under Search; the ads Facebook puts between search results
Hide sponsored search results	Ocultar resultados de pesquisa patrocinados
# context: summary of that switch
Ads between the results when you search Facebook. What you searched for stays.	Anúncios entre os resultados quando você pesquisa no Facebook. O conteúdo pesquisado permanece.
# context: switch title under News feed; the ads between the posts on a person's profile or a Page
Hide sponsored profile posts	Ocultar publicações patrocinadass em perfis
# context: summary of that switch; Page is Facebook's name for a business or public figure's page
Ads between the posts on someone's profile or a Page. Their own posts stay.	Anúncios entre as publicações no perfil de alguém ou em uma Página. As publicações da própria pessoa permanecem.
# context: what stays in while Hushfacebook is paused, followed by the patch name in brackets; the row in Facebook's own Menu that opens Hushfacebook settings
the settings row in Facebook's Menu	a linha de configurações no Menu do Facebook
# context: a short message when the Hushfacebook row in Facebook's Menu couldn't open the settings
Hushfacebook settings can't open here. Long-press the Facebook logo instead.	As configurações do Hushfacebook não podem ser abertas aqui. Toque e segure o logotipo do Facebook.
# context: switch title under News feed; the row of groups Facebook suggests joining, shown between posts
Hide suggested groups	Ocultar grupos sugeridos
# context: summary of that switch; Discover more groups is the label of Facebook's own button under that row
The row of groups to join between posts, with its Discover more groups button. Posts from groups you're in stay.	A linha de grupos sugeridos para participação entre as publicações, com o botão “Descobrir mais grupos”. As publicações dos grupos dos quais você participa permanecem.
# context: switch title under News feed; Facebook's own header of a row of Stories from people you don't know, shown between posts
Hide "Stories you might like"	Ocultar “Stories que você talvez curta”
# context: summary of that switch; the Stories tray is the row of Stories at the top of the feed
The row of Stories from people you aren't connected to that Facebook puts between posts. Your friends' Stories and the Stories tray stay.	A linha de Stories de pessoas com quem você não tem conexão, que o Facebook insere entre as publicações. Os Stories dos seus amigos e a bandeja de Stories permanecem.
# context: switch title under Notifications; trending videos Facebook sends as push notifications
Block trending video notifications	Bloquear notificações de vídeos em alta
# context: summary of that switch; reels are Facebook's short videos
Trending videos and the reels Facebook picked for you stop showing up in your notifications.	Vídeos em alta e os Reels que o Facebook selecionou para você deixam de aparecer nas notificações.
# context: switch title under Notifications; memories are Facebook's posts from past years on the same day
Block memory notifications	Bloquear notificações de lembranças
# context: summary of that switch; On this day is the name Facebook gives its memories feature
Facebook's "On this day" memories stop showing up in your notifications.	As lembranças “Neste dia” do Facebook deixam de aparecer nas suas notificações.
# context: switch title under Notifications; reminders of friends' birthdays
Block birthday notifications	Bloquear notificações de aniversário
# context: summary of that switch
No more reminders that it's a friend's birthday.	Nenhum lembrete de aniversário de amigos.
# context: switch title under Notifications; Page is Facebook's name for a business or public figure's page
Block group and Page highlights	Bloquear destaques de grupos e Páginas
# context: summary of that switch; creators are the people and Pages who post videos and posts you follow
Digests of what's going on in groups, Pages and creators you follow stop. Comments, replies and mentions still come through.	Os resumos do que acontece nos grupos, Páginas e criadores que você segue deixam de aparecer. Comentários, respostas e menções continuam chegando.
# context: switch title under Notifications; People you may know is Facebook's name for its friend suggestions, as in Hide "People you may know"
Block "People you may know"	Bloquear “Pessoas que você talvez conheça”
# context: summary of that switch; friend requests are other notifications, which always come through
Friend suggestions stop showing up in your notifications. Friend requests still come through.	As sugestões de amizade deixam de aparecer nas notificações. As solicitações de amizade continuam chegando.
# context: switch title under Notifications; places near you and weather alerts Facebook sends
Block nearby and weather notifications	Bloquear notificações de lugares próximos e do tempo
# context: summary of that switch
Alerts about places near you and about the weather stop.	Alertas sobre lugares próximos e sobre o clima deixam de aparecer.
# context: title of a note under Notifications, below the switches; what no switch there blocks
What always comes through	O que sempre chega
# context: text of that note; Android's own settings are the phone's per-app notification categories, which Facebook's server defines
Messages, friend requests, comments, mentions, calls and login alerts, and any kind Hushfacebook doesn't know. Android's own settings for Facebook's notification categories work too, since Facebook drops a notification whose category you turned off. Facebook's server decides which categories you get, though, so they may not split these kinds out.	Mensagens, solicitações de amizade, comentários, menções, chamadas e alertas de login, além de qualquer tipo de notificação que o Hushfacebook não conheça. As configurações do Android para as categorias de notificação do Facebook também funcionam, pois o Facebook descarta uma notificação cuja categoria você desativou. No entanto, o servidor do Facebook decide quais categorias você recebe, então esses tipos podem não aparecer separados.
# context: switch title under Stories; the stories Facebook suggests in the Stories tray from accounts you don't follow
Hide suggested stories	Ocultar stories sugeridos
# context: summary of that switch; Suggested is the label Facebook shows under such a story in the tray, and the tray reloads on its own schedule
Stories in the tray from people and Pages you don't follow, the ones marked Suggested. Your friends' stories and the Pages you follow stay. A change shows the next time Facebook loads the tray.	Stories na bandeja de pessoas e Páginas que você não segue, marcados como sugeridos. Os Stories dos seus amigos e das Páginas que você segue permanecem. A alteração será aplicada na próxima vez que o Facebook carregar a bandeja.
# context: switch title under Marketplace; the ads Facebook puts between the things people sell in Marketplace's feed
Hide sponsored Marketplace listings	Ocultar anúncios patrocinados do Marketplace
# context: summary of that switch; a boosted listing is one its seller paid Facebook to show to more people
Ads and boosted listings in Marketplace's feed. The other listings stay.	Anúncios e anúncios impulsionados no feed do Marketplace. Os demais anúncios permanecem.
# context: switch title under News feed; hides posts whose text holds a word or phrase the person listed
Hide posts with words you choose	Ocultar publicações com palavras que você escolher
# context: summary of that switch; the keep list is the second list under it, and a settings file is the one Export settings writes
Posts whose text has a word or phrase from your list below. A post with a word from your keep list stays, and so does a post with no text. Your words only leave the phone in a settings file you export.	Publicações cujo texto contém uma palavra ou frase da lista abaixo. Uma publicação com uma palavra da lista para manter permanece, assim como uma publicação sem texto. Suas palavras só saem do dispositivo em um arquivo de configurações que você exportar.
# context: title of the row and dialog holding the list of words and phrases that hide a post
Words to hide	Palavras para ocultar
# context: title of the row and dialog holding the list of words and phrases that keep a post even when it has a word to hide
Words that keep a post	Palavras que mantêm um publicação
# context: message of the Words to hide dialog; %1$d is how many phrases a list holds (50), %2$d and %3$d the shortest and longest phrase in characters (2 and 60)
One word or phrase per line, up to %1$d, each %2$d to %3$d characters long. Capital letters don't matter, and a phrase matches anywhere in a post's text, inside longer words too.	Uma palavra ou frase por linha, até %1$d no total, com %2$d a %3$d caracteres cada. Maiúsculas e minúsculas não fazem diferença, e uma frase corresponde a qualquer trecho do texto de uma publicação, inclusive dentro de palavras maiores.
# context: message of the Words that keep a post dialog; %1$d is how many phrases a list holds (50), %2$d and %3$d the shortest and longest phrase in characters (2 and 60)
A post with any of these stays, even when it also has a word to hide. One per line, up to %1$d, each %2$d to %3$d characters long.	Uma publicação que contenha qualquer uma destas palavras ou frases permanece, mesmo que também contenha uma palavra a ocultar. Uma por linha, até %1$d no total, com %2$d a %3$d caracteres cada.
# context: hint in the empty text box of both word list dialogs
One word or phrase per line	Uma palavra ou frase por linha
# context: toast after saving a word list, one line left out; %2$d and %3$d are the shortest and longest phrase in characters, %4$d how many a list holds
%1$d line was left out. A phrase needs %2$d to %3$d characters, one given twice counts once, and a list holds %4$d.	%1$d linha foi ignorada. Uma frase precisa ter de %2$d a %3$d caracteres; uma frase repetida conta apenas uma vez, e uma lista comporta %4$d.
# context: toast after saving a word list, several lines left out; %2$d and %3$d are the shortest and longest phrase in characters, %4$d how many a list holds
%1$d lines were left out. A phrase needs %2$d to %3$d characters, one given twice counts once, and a list holds %4$d.	%1$d linhas foram ignoradas. Uma frase precisa ter de %2$d a %3$d caracteres; uma frase repetida conta apenas uma vez, e uma lista comporta %4$d.
# context: summary of the Words to hide row while it's empty
No words yet, so no post is hidden.	Ainda não há palavras, então nenhuma publicação será ocultada.
# context: summary of the Words that keep a post row while it's empty
No words yet.	Ainda não há palavras.
# context: summary of a word list row holding one phrase
%1$d word or phrase.	%1$d palavra ou frase.
# context: summary of a word list row holding several phrases
%1$d words or phrases.	%1$d palavras ou frases.
# context: added to the Words to hide summary: posts the filter hid since Facebook last started, one
Hid %1$d post since Facebook started.	%1$d publicação ocultada desde que o Facebook foi iniciado.
# context: added to the Words to hide summary: posts the filter hid since Facebook last started, several
Hid %1$d posts since Facebook started.	%1$d publicações ocultadas desde que o Facebook foi iniciado.
# context: sentence in the import preview and the toast after an import that empties the list of words to hide
Your list of words to hide will be empty.	Sua lista de palavras a ocultar ficará vazia.
# context: sentence in the import preview and the toast after an import; the list of words to hide will hold one phrase
Your list of words to hide will hold %1$d word or phrase.	Sua lista de palavras a ocultar terá %1$d palavra ou frase.
# context: sentence in the import preview and the toast after an import; the list of words to hide will hold several phrases
Your list of words to hide will hold %1$d words or phrases.	Sua lista de palavras a ocultar terá %1$d palavras ou frases.
# context: sentence in the import preview and the toast after an import that empties the keep list
Your list of words that keep a post will be empty.	Sua lista de palavras que mantêm uma publicação ficará vazia.
# context: sentence in the import preview and the toast after an import; the keep list will hold one phrase
Your list of words that keep a post will hold %1$d word or phrase.	Sua lista de palavras que mantêm uma publicação terá %1$d palavra ou frase.
# context: sentence in the import preview and the toast after an import; the keep list will hold several phrases
Your list of words that keep a post will hold %1$d words or phrases.	Sua lista de palavras que mantêm uma publicação terá %1$d palavras ou frases.
# context: section title for the settings about writing posts and comments
Writing	Escrita
# context: switch title under Writing; @ is the at sign that starts a mention and stays as it is
Tag suggestions only after @	Sugestões de marcação só depois de @
# context: summary of that switch; the list is Facebook's list of people to tag, and @ stays as it is
Facebook stops offering people to tag while you type ordinary words in posts and comments. Typing @ still brings up the list, and what you wrote is never changed.	O Facebook deixa de sugerir pessoas para marcar enquanto você digita palavras comuns em publicações e comentários. Digitar @ ainda mostra a lista, e o que você escreveu nunca é alterado.
# context: switch title under Playback; on, a long video you left partway starts again where you left it
Resume long videos	Retomar vídeos longos
# context: summary of that switch; the seek bar is the bar under a video you drag to move through it; Reels is Facebook's name for its short videos
A video over two minutes long that you left partway picks up where you left it the next time it plays. Drag the seek bar to start somewhere else. Reels, live videos and ads start as usual.	Um vídeo com mais de dois minutos que você deixou pela metade continuará de onde parou na próxima vez que for reproduzido. Arraste a barra de busca para começar em outro ponto. Reels, vídeos ao vivo e anúncios começam normalmente.
